request_id,provider,voice,mode,language,text_id,register,speed,instructions,text,est_chars
openai_87e378a829ddbb2c,openai,alloy,neutral,en,h_peoples_speech_6517f5ce980b,procedural,,,it complies in every aspect with rule three hundred and three,61
openai_1014fc29f1a957f2,openai,ash,neutral,en,h_common_voice_0e98529b6e74,read,,,Live Oak is an agricultural community located in the fertile Sacramento Valley.,79
openai_5b5a6747a5f70e2d,openai,ballad,neutral,en,cur_num_003,numbers,,,"Please call us back at 555-0192, extension 4406, between 9 and 5 Eastern.",73
openai_6ff6a7d1d5278866,openai,coral,neutral,en,h_peoples_speech_19cabb543ba4,procedural,,,the impact is that historic properties and archives of documents and objects are key to our community's identities,114
openai_bb0feb2b4917586d,openai,echo,anchor,en,h_peoples_speech_b5dae021e6f3,procedural,,"Deliver this as a composed, professional news anchor.",in the last two weeks alone there were forty three reported cases,65
openai_9e953266649df07f,openai,fable,neutral,en,h_emilia_f4594ebdf554,conversational,,,"The 23rd of June, single-celled yeast has been observed to evolve into a multicellular organism, complete with division of labor between cells",142
openai_2f1c6122f3747b99,openai,nova,neutral,en,cur_que_008,question,,,How long has that light on the dashboard been blinking like that?,65
openai_f049bb388005ff52,openai,onyx,neutral,en,h_common_voice_c2dbac123118,read,,,Many hospitals around the country reported shortages of beds and supplemental oxygen.,85
openai_c785d6d433ae1506,openai,sage,neutral,en,cur_lng_003,longform,,,"Alright team, quick recap of where we landed today. First, the migration to the new billing system slips two weeks; Dana's group found an edge case with annual subscriptions that refund mid-cycle, and we are not shipping until that's fixed. Second, customer support headcount: approved, two new hires starting next month, both remote. Third, the office move. I know everyone has opinions about the fourth floor. The lease isn't signed yet, so if you have genuine accessibility concerns, get them to me in writing by Friday. And finally, the holiday party is December twelfth. Yes, there will be a karaoke machine again. No, Kevin, you cannot do forty-five minutes of Bon Jovi.",676
openai_edf3626bd212138c,openai,shimmer,excited,en,cur_emo_027,emotional,,"Speak with excited, fast-paced energy, like sharing thrilling news.",The test came back negative. Negative! We can finally breathe again.,68
openai_fab331b884f3a7a5,openai,verse,support,en,h_peoples_speech_31c45b9bdc8b,procedural,,"Sound like a cheerful, friendly customer support agent.",so we didn't have you had they they produced these records basically alongside of their summary judgment motion,111
openai_63e32949de8b3f6c,openai,marin,tired,en,cur_dis_001,disfluent,,"Sound exhausted and flat, with low energy and frequent small pauses.","So, um, I was thinking—well, actually, never mind, it's—okay no, hear me out.",77
openai_56a1b47821f67ce8,openai,cedar,neutral,en,h_voxpopuli_8fd2eefd0ff4,formal,,,thirdly the attractiveness of eu assistance is also important.,62
openai_ab861a3ecc1acee8,openai,alloy,whisper,en,cur_whi_010,whisper,,"Whisper very softly, as if telling a secret late at night.","This museum gives me chills. Beautiful, but something feels off.",64
openai_b02a0ad76e9a73dd,openai,ash,tired,en,cur_dis_002,disfluent,,"Sound exhausted and flat, with low energy and frequent small pauses.","The thing is, like, we never actually—I mean, did anyone even read the contract?",80
openai_13cec1fca66ecc2b,openai,ballad,neutral,en,h_voxpopuli_e9e18bfeb7a0,formal,,,but volunteers cannot and must not bear the burden of major global crises.,74
openai_98cfbabd54b2d3c5,openai,coral,tired,en,h_common_voice_2a9045b64384,read,,"Sound exhausted and flat, with low energy and frequent small pauses.",One week later she was released after successfully appealing her arrest.,72
openai_328ce533b9ad47ec,openai,echo,storyteller,en,h_common_voice_6f76c23f805b,read,,"Use a warm, slow, expressive storytelling voice.","At most, they thought that another meteorite had descended.",59
openai_6c5dc90c49edc48e,openai,fable,neutral,en,h_emilia_edbe1e8f6277,conversational,,,"Then you get enlightened and like focus to you, to you, practice to you.",72
openai_384444b9ff1ea379,openai,nova,excited,en,h_emilia_5a83bb2f72dd,conversational,,"Speak with excited, fast-paced energy, like sharing thrilling news.",These studies suggest that various individual and situational factors,69
openai_9c523b519f976a31,openai,onyx,neutral,en,h_common_voice_50b1d194a9a2,read,,,"Let it burn, it gives us warmth and comfort.",44
openai_f4f45a755d5923d8,openai,sage,tired,en,h_emilia_1fe19196e3b4,conversational,,"Sound exhausted and flat, with low energy and frequent small pauses.","Translations by Bhikkhu Bodhi of the Samyutta Nikaya and the Anguttara Nikaya were published by Wisdom Publications in 2003 and 2012, respectively",146
openai_b8c060aa98a3a8c4,openai,shimmer,anchor,en,h_voxpopuli_cfe45d191a2b,formal,,"Deliver this as a composed, professional news anchor.",security is a very sensitive area it's very connected with internal and external,80
openai_58797e398a469542,openai,verse,neutral,en,h_common_voice_af26ba9cad0b,read,,,Feral Interactive and Sumo Digital were once responsible for platform transplantation.,86
openai_8345d709a6f0a8a2,openai,marin,neutral,en,h_emilia_639a2847a3a2,conversational,,,This is their first engine to combust liquid oxygen and liquid methane propellants. In September 2014—in a choice labeled,121
openai_f9eb3d0c3d0bf8a4,openai,cedar,neutral,en,h_voxpopuli_b156feb9491b,formal,,,so i am asking you can we allow member states to suspend democracy? the taoiseach your irish counterpart told us here that not repression but dialogue is the only way out.,171
openai_03b97e22710bcb75,openai,alloy,tired,en,h_common_voice_8a7efc43d232,read,,"Sound exhausted and flat, with low energy and frequent small pauses.",He was succeeded by deputy leader Steve Elling.,47
openai_ae502caa894ff60d,openai,ash,neutral,en,h_peoples_speech_6f63ebb10117,procedural,,,there many aspects of the behavior of materials on mars that are different to earth,83
openai_9005a78fb1f629ae,openai,ballad,storyteller,en,h_common_voice_dd90d71701cb,read,,"Use a warm, slow, expressive storytelling voice.",The doorways had polished marble columns with enriched caps.,60
openai_0c309b332ae4625e,openai,coral,neutral,en,h_peoples_speech_d633906c6318,procedural,,,and tacking your client's possession and control of the property along with their predecessors it's more than sixty years it's in excess of sixty years,151
openai_b02b953ff71d7bd9,openai,echo,neutral,en,h_emilia_574e758bf625,conversational,,,"When the first wave of U-boats returned to port through the early part of February, Donitz wrote that each commander,",117
openai_3d525b66b1310918,openai,fable,neutral,en,h_common_voice_b65762f1bd9c,read,,,"Ryan will next appear in two feature films ""Streamline"" and ""Dishonest Bunch"".",78
openai_c597a43a938bfba7,openai,nova,neutral,en,h_voxpopuli_ef6f17969f01,formal,,,would give you at least a long term measure of fiscal sustainability,68
openai_92161456710db991,openai,onyx,anchor,en,h_peoples_speech_6379970d93be,procedural,,"Deliver this as a composed, professional news anchor.",so for any rock that we look at on mars we might look at it do six or seven experiments based on a combination of the results that came from mars but also the results that came from earth,187
openai_b46d6172ff434807,openai,sage,support,en,h_peoples_speech_c0845b2f307e,procedural,,"Sound like a cheerful, friendly customer support agent.",now the way you phrased your examples you said that town that is out doesn't really have a stake in that particular decision,124
openai_7db763f641deeae1,openai,shimmer,neutral,en,h_common_voice_47dc9c4516ec,read,,,The two newspapers published a combined Sunday edition.,55
openai_e9d347a3a541cbda,openai,verse,anchor,en,h_voxpopuli_d3142d4fff96,formal,,"Deliver this as a composed, professional news anchor.",the eu will not be able to finance their green dream if the financial world cannot rely on the bafin.,101
openai_bf0727b972b41108,openai,marin,tired,en,h_common_voice_c3782aef8bc0,read,,"Sound exhausted and flat, with low energy and frequent small pauses.",The Chicago Bulls formerly practiced at the Berto Center in Deerfield.,70
openai_cf95a4ddbd4455d4,openai,cedar,neutral,en,cur_que_012,question,,,Remember to water the plants while I'm gone. The ferns need it every other day.,79
openai_d82c9b94ca3e24e5,openai,alloy,storyteller,en,h_common_voice_5cb39658c4f9,read,,"Use a warm, slow, expressive storytelling voice.",Turkey is dismantling the incentive system.,43
openai_fb525c7b0f012040,openai,ash,neutral,en,h_voxpopuli_81859d6485c6,formal,,,we want the free flow of data to be the fifth freedom in europe.,64
openai_fff531d72027d455,openai,ballad,neutral,en,h_peoples_speech_aa68570109d1,procedural,,,but the discussion sir was that we recognize in this instance and in many other instances around the township the need of a business to advertise their business,160
openai_d8b404a332f2ba03,openai,coral,neutral,en,h_peoples_speech_6c0dee4c7d56,procedural,,,i just wanna say there is kind of a feeling in the community,60
openai_1b779e0d43ccc451,openai,echo,excited,en,h_emilia_aef3030848dd,conversational,,"Speak with excited, fast-paced energy, like sharing thrilling news.","He certainly doesn't care at all about you. Hasn't come to see you since you've declared your passing away. All he does is sit in the corner, doesn't even pay any attention to anything.",185
openai_499a32b933616a68,openai,fable,anchor,en,h_peoples_speech_d6bad3a95d55,procedural,,"Deliver this as a composed, professional news anchor.",is it crucial to expand support and services for seniors there were over fifty people in attendance,99
openai_6d38429c85855362,openai,nova,tired,en,h_emilia_7f80c7214d75,conversational,,"Sound exhausted and flat, with low energy and frequent small pauses.","Great, exactly. And one of the things I think of is you can preemptively",72
openai_e8cb4b40f80cd4ff,openai,onyx,neutral,en,h_voxpopuli_a1229d914ffa,formal,,,so thank you very much commissioner for your efforts and for the work you have done.,84
openai_8db782ee090603a1,openai,sage,angry,en,cur_emo_006,emotional,,"Speak with barely contained anger, tense and clipped.","She's gone. I keep picking up the phone to call her, and then I remember.",73
openai_deb967b7af1432fa,openai,shimmer,neutral,en,h_common_voice_07a82220ed82,read,,,His father taught him the basic technique which separates him from others.,74
openai_7760f01e482e829e,openai,verse,anchor,en,h_voxpopuli_73ed402b137d,formal,,"Deliver this as a composed, professional news anchor.",in all such appointments the council will continue to fully respect the provisions of the treaty.,97
openai_05930eef749c2751,openai,marin,neutral,en,h_common_voice_7ad63d1c46bc,read,,,Nine missile launchers and two radars normally operate in a battery.,68
openai_aba844b686f8d9de,openai,cedar,tired,en,h_common_voice_f59c480259e3,read,,"Sound exhausted and flat, with low energy and frequent small pauses.","I'm not so much into anatomy, where's the bladder again?",56
openai_09e910d0e3503315,openai,alloy,storyteller,en,h_common_voice_14c07d24ea18,read,,"Use a warm, slow, expressive storytelling voice.",The floor was finished hardwood and used for basketball and volleyball.,71
openai_1f21cf6304259713,openai,ash,neutral,en,h_common_voice_25cfe8cd8652,read,,,"Bacon, pancakes and maple syrup is a hearty start to any day.",61
openai_0af18dfa20a96041,openai,ballad,support,en,h_peoples_speech_483b0a61e998,procedural,,"Sound like a cheerful, friendly customer support agent.",and by the time the second suit happened we had the declaration of greenspun basically saying everything is present in there but what enablement and sets that out and that is sap then doing,189
openai_a67889fe130135f0,openai,coral,neutral,en,h_peoples_speech_69deb7aa0db5,procedural,,,what's in the record to show that the judge actually relied on an improper what happened in this case is that there was such a jumbo of different charges,153
openai_7b67575952b668c5,openai,echo,neutral,en,cur_lng_002,longform,,,"Okay, welcome back everyone. Before the break we were talking about habit formation, and I want to pick up on something you said about morning routines, because I think people underestimate how much friction matters. When my alarm goes off, if my running shoes are not literally next to the bed, the probability that I go for that run drops by half. It sounds ridiculous, but the research backs this up: tiny obstacles compound. So my question for you is, when you work with clients who say they have no willpower, where do you actually start? Do you start with the environment, or do you start with the story they tell themselves about who they are?",650
openai_507a231eb4777141,openai,fable,neutral,en,h_common_voice_8c20f9b5f77e,read,,,They claimed that their method has made it possible to perform between-participant comparisons.,95
openai_94747ab5bf3c522f,openai,nova,tired,en,h_common_voice_16a53caf98e7,read,,"Sound exhausted and flat, with low energy and frequent small pauses.","The program offers opportunities to participate in federal, state and privately funded research.",96
openai_e75e6f2b3e1b1064,openai,onyx,neutral,en,h_peoples_speech_47e4509ce881,procedural,,,but those are some things i'd like to see at our next committee agenda and that had this doing here,99
openai_b229163146a00c25,openai,sage,storyteller,en,h_common_voice_4f5065342646,read,,"Use a warm, slow, expressive storytelling voice.",The marriage of Zeus and Hera was acted at annual festivals.,60
openai_382de199a403d403,openai,shimmer,neutral,en,h_voxpopuli_dd5c6d4d2fe5,formal,,,russia has always been a very proud nation with a rich culture with inventions and esprit;,90
openai_2bf5f8ff163db33f,openai,verse,neutral,en,h_voxpopuli_371a1e1daf33,formal,,,the fact that young people are ready to do that and that we enable them to do it and to develop their capacities reflects a good european attitude.,147
openai_8d6ba18c6529a65c,openai,marin,neutral,en,h_emilia_16ad01d06e39,conversational,,,"We saw that with BT3. Hopefully we'll see that in BT4. Yeaah, it is slightly on the lacking side. We could definitely see more characters with more unique abilities and...",171
openai_07a74cfd255ecdaf,openai,cedar,neutral,en,h_common_voice_13ce129cd613,read,,,Five winners have subsequently achieved victory in the following year's Derby.,78
openai_0765ea77bbca9c5b,openai,alloy,anchor,en,h_peoples_speech_140c7c78ab74,procedural,,"Deliver this as a composed, professional news anchor.",where we'd like to get permission to start the process so we can be in a position to include that in the paving project,119
openai_82755d201c11d88a,openai,ash,neutral,en,h_common_voice_60104be76812,read,,,"Somewhere you are holding the person I love, the boy said.",58
openai_a62f62f6e7714a95,openai,ballad,neutral,en,h_emilia_68d27e749652,conversational,,,New queens are raised and the hive may swarm as soon as the queen cells are capped and before the new virgin queens emerge from their queen cells,145
openai_bdaf3bd9ad9bc1a3,openai,coral,tired,en,h_common_voice_8bbf0590191f,read,,"Sound exhausted and flat, with low energy and frequent small pauses.","Despite this, Helena's abiding love for Demetrius remains consistent throughout the play.",89
openai_bb1886d2bc1b37cb,openai,echo,anchor,en,h_voxpopuli_e2f0de8bd048,formal,,"Deliver this as a composed, professional news anchor.",we all know oman as a successful stable country a role model for the whole region.,82
openai_1b8c44f7ba2e26a5,openai,fable,neutral,en,h_voxpopuli_aff62dcbe438,formal,,,but at the same time we should not try to force them all into a straitjacket of one single answer to their problems. the brotherhood of nations belongs in the hearts of men not in supranational institutions.,207
openai_e0792ec0c7fa02b7,openai,nova,storyteller,en,h_common_voice_1ce5d14b9ee6,read,,"Use a warm, slow, expressive storytelling voice.",The bed of this river is mostly made up of pebbles and pebbles.,63
openai_819c581fa5d1b011,openai,onyx,support,en,h_peoples_speech_462435a824be,procedural,,"Sound like a cheerful, friendly customer support agent.",joel samuel's moderator of the event and an attorney and former general counsel of the state executive office of elder affairs spoke about the friends of belmont coa and their role in the community,197
openai_cd6e56d23d6fae45,openai,sage,neutral,en,h_common_voice_48e9bd2f6e78,read,,,I would if I thought I'd hear anything worth listening to.,58
openai_56052268bd6de239,openai,shimmer,neutral,en,h_common_voice_cf736cb12135,read,,,It was done before the boy could see it.,40
openai_1c95dad2ab9edf6f,openai,verse,tired,en,h_common_voice_d485b30de2dc,read,,"Sound exhausted and flat, with low energy and frequent small pauses.",The flowers are white with yellowish dots.,42
openai_3be12ec4483227e9,openai,marin,storyteller,en,h_common_voice_db979862a140,read,,"Use a warm, slow, expressive storytelling voice.","Every generation has ""fought for freedom and equality"".",55
openai_786f4dff6030c188,openai,cedar,neutral,en,h_common_voice_8c3f166072b5,read,,,Members of the Zongo community are mistakenly but commonly regarded as Northerners.,83
openai_0a3a1b858a893be4,openai,alloy,neutral,en,h_common_voice_fcce10d441ff,read,,,"Phelps also swam competitively for Club Wolverine, a swimming club associated with the university.",98
openai_003b139642ba71a2,openai,ash,excited,en,h_emilia_c0fd46532aed,conversational,,"Speak with excited, fast-paced energy, like sharing thrilling news.",With this comes a question of what specific summary statistics do we need to visualize? We will explore that in the coming slides.,130
openai_e8a734e7890cf4e4,openai,ballad,tired,en,h_common_voice_78f4e8b413e0,read,,"Sound exhausted and flat, with low energy and frequent small pauses.",He also lived for some time in Amsterdam.,41
openai_a98a76f259a543cd,openai,coral,neutral,en,h_peoples_speech_a9a2d4abfc5e,procedural,,,maybe he would have ended up with the same numbers but it it should have been done that way is what you're and evidence should have been presented and it's their burden of proof on that issue,191
openai_fb32af86ba840dcf,openai,echo,storyteller,en,h_common_voice_5dfd878a117c,read,,"Use a warm, slow, expressive storytelling voice.",The series stars Christian Serratos as the titular character.,61
openai_f6270fa194f711ce,openai,fable,neutral,en,h_common_voice_3ba7f723b6a2,read,,,"Currently, she is the voice director for ""Regular Show"".",56
openai_6ca4d0d39b7c637e,openai,nova,neutral,en,h_peoples_speech_0009300050c5,procedural,,,so you have to have some horticulture some entomology some chemistry all those things,85
openai_69445ad161a8c535,openai,onyx,neutral,en,h_common_voice_3a7f8d1ba9de,read,,,The Sleeping Bear Dunes National Lakeshore extends into the northwest portion of the county.,92
openai_56b235deacddabb1,openai,sage,anchor,en,h_peoples_speech_0e437d6cf9d5,procedural,,"Deliver this as a composed, professional news anchor.",those flowering trees that bloom in the spring the garden club maintains and plants the garden next to the library which has been a place that everybody enjoys during the summer time,182
openai_de868e9b95624daa,openai,shimmer,tired,en,h_emilia_69d3ec96c521,conversational,,"Sound exhausted and flat, with low energy and frequent small pauses.","We'll need to have specialized skill sets used to locate the kinds of information that cannot be located with a simple Google search, as I mentioned in the previous section. And we also need",190
openai_bb5332c7f5646885,openai,verse,neutral,en,h_emilia_b6bf34609a68,conversational,,,"Concrete, solution,"" said Tony Tyler, IATA's Director General and CEO",69
openai_efbd0a21858d6cb7,openai,marin,support,en,h_peoples_speech_92c7ecf5ee6a,procedural,,"Sound like a cheerful, friendly customer support agent.",the next case called on the docket is five million one hundred and forty thousand one hundred and seventy five white vs beelman river terminals inc,147
openai_22c3a135b1233a0d,openai,cedar,neutral,en,h_emilia_63230e3bd01d,conversational,,,"It was an incredible app that they did. It was beautiful, slick, well done. Uhm, and so they put it up and it went live in the App Store, went immediately to number one that year. Uhm, did an incredible job.",207
openai_030673b59150f029,openai,alloy,neutral,en,h_peoples_speech_c903368f8843,procedural,,,they'd have to decide on what the configuration of the board was like,69
openai_b6296987065cf336,openai,ash,tired,en,h_common_voice_fa36ae86d080,read,,"Sound exhausted and flat, with low energy and frequent small pauses.",Suggest another motive I could have had.,40
openai_7de76d9523333671,openai,ballad,neutral,en,h_peoples_speech_031f6a139a5b,procedural,,,and just for those who might not have stopped by your table today can you give us just a quick description of what your mission is what you guys do in town i mean i think it's pretty you know self explanatory,208
openai_e69b9851ede6ac7c,openai,coral,storyteller,en,h_common_voice_fc7dd4530262,read,,"Use a warm, slow, expressive storytelling voice.","Then, you taught me something of the universal language and the Soul of the World.",82
openai_f76ec6db50203b6e,openai,echo,tired,en,cur_dis_014,disfluent,,"Sound exhausted and flat, with low energy and frequent small pauses.","No yeah, totally, one hundred percent—wait, are we talking about the same Jennifer?",83
openai_ae1ef5807ecf7ea9,openai,fable,neutral,en,h_common_voice_907001910bd1,read,,,The three groups are not believed to form a clade.,50
openai_7514b7d1f6b9bc17,openai,nova,neutral,en,h_voxpopuli_73acacdea572,formal,,,man is seen as a creature who is harmful to the environment without making a beneficial contribution.,101
openai_f34060db380e13a4,openai,onyx,anchor,en,h_voxpopuli_77c68a833a41,formal,,"Deliver this as a composed, professional news anchor.",especially when we are talking about our neighbourhood in africa. this is really also about our security. without development in these regions we will also be in trouble.,170
openai_5bbc1580c35a849a,openai,sage,anchor,en,h_peoples_speech_0c129c24d290,procedural,,"Deliver this as a composed, professional news anchor.",we have right now an opportunity with the state they're going to give us an eighty million state grant to build this school,123
openai_7ea4546901a930af,openai,shimmer,neutral,en,h_voxpopuli_5f9f7bcedea5,formal,,,because the reenergize re energizing of accession is going nowhere there is no perspective,90
openai_9cf09efb2fca335b,openai,verse,excited,en,h_emilia_6a4352cd9ada,conversational,,"Speak with excited, fast-paced energy, like sharing thrilling news.","And if you are in a team, it is across all the actions that are taken across the team.",86
openai_1f5fbb78f8929961,openai,marin,support,en,h_peoples_speech_97d522b61079,procedural,,"Sound like a cheerful, friendly customer support agent.",and be able to at least call the hands i guess they say okay you say that and prove it,86
openai_e74032ac097ec734,openai,cedar,tired,en,h_emilia_8357345bdf69,conversational,,"Sound exhausted and flat, with low energy and frequent small pauses.","Gonna just see Peach, maybe get one extra moon, if we're lucky. Ah, good to be back.",84
openai_f48e8a5ef1e355cc,openai,alloy,neutral,en,cur_num_012,numbers,,,"The password is capital R, lowercase x, 7, 7, dollar sign, lowercase q, 9.",74
openai_d593114267c30480,openai,ash,neutral,en,h_voxpopuli_83bb24181106,formal,,,is it really not possible to use other housing facilities with appropriate reception conditions in the meantime?,112
openai_f6acab14a75747b5,openai,ballad,anchor,en,h_voxpopuli_7d2bc681563b,formal,,"Deliver this as a composed, professional news anchor.",not later the and three months after the final report and the draft criteria the commission shall cons the european union equal labor board on draft proposal on this issue as i told,181
openai_e32241122b86265b,openai,coral,neutral,en,h_peoples_speech_7da4b5363447,procedural,,,and i got to tell you it is the scope of overreach and over involvement that's killing all of us,96
openai_eda403fec66f55f8,openai,echo,neutral,en,h_common_voice_ec506e476de9,read,,,"She returned to her home port, San Diego, finishing a seven-month deployment.",77
openai_eda5fee64ae1d5cc,openai,fable,tired,en,h_common_voice_bfe959b37e7f,read,,"Sound exhausted and flat, with low energy and frequent small pauses.","Both Sargent and Nelson Doubleday, Junior worked for Doubleday.",63
openai_5b73c372f0590c5e,openai,nova,anchor,en,cur_num_001,numbers,,"Deliver this as a composed, professional news anchor.","Your confirmation number is 4 7 Q 9 2 X, and your flight departs at 6:45 a.m. from gate B12.",92
openai_e532436b55992846,openai,onyx,neutral,en,h_emilia_fec9968fea1e,conversational,,,"The busy flag should not be used for any data handling, but to check for ongoing traffic.",89
openai_bd0a965ad912c25f,openai,sage,neutral,en,h_voxpopuli_f879c40fa1e8,formal,,,it should in particular be noted that if the sale process is successful and correctly implemented companies acquiring the shipyard assets will not have to repay the illegal subsidies even if they choose to continue shipbuilding.,228
openai_8e7992d32906259d,openai,shimmer,neutral,en,h_peoples_speech_501be678e779,procedural,,,coaxial cable like this has already crisscrossed the country pushed past some of our last frontiers guided by a 20th century type of pioneer who swapped his covered wagon and team of oxen for a diesel power and cable plow and left in his wake not a wagon trail but a network of electronic highways,297
openai_b88c8ffcafd8a9c5,openai,verse,tired,en,cur_dis_008,disfluent,,"Sound exhausted and flat, with low energy and frequent small pauses.","And then he goes—you're not gonna believe this—he goes, 'that was never in the budget.'",87
openai_f2638916ef61d55d,openai,marin,storyteller,en,h_common_voice_5f21aafad877,read,,"Use a warm, slow, expressive storytelling voice.","Teaching units at this University were originally called ""department"".",70
openai_d1acd4ec52e6c63f,openai,cedar,neutral,en,h_voxpopuli_5fda30e36a70,formal,,,your question is fully justified. this is exactly the question i am asking the danish presidency because the danish presidency is leading these talks and it must know for what reasons those countries are objecting.,214
openai_d1a84dc07fb519f7,openai,alloy,neutral,en,h_common_voice_5963cf0aeced,read,,,"In fact, at the time, Kimmel was not aware of Washington's eight-action policy.",79
openai_457c9925eb734a49,openai,ash,neutral,en,h_emilia_5563439a1626,conversational,,,She's always been very weird. She's always been a little bit off and not quite with it.,87
openai_bb569e9b9d72729a,openai,ballad,neutral,en,h_common_voice_9e1ec008e04e,read,,,"There are various teas which have additives or different processing than ""pure"" varieties.",90
openai_6eac4a4f5b3da15b,openai,coral,excited,en,h_emilia_c243e9344114,conversational,,"Speak with excited, fast-paced energy, like sharing thrilling news.","The community begins merry-making, music, dancing and women playfully smear the faces of their companions with sindor' vermilion, all as a mark of the victory of good over evil",176
openai_513e4a2e524a60d5,openai,echo,tired,en,h_emilia_1fecac493522,conversational,,"Sound exhausted and flat, with low energy and frequent small pauses.","So I think I can see how this movie is gonna go. If you like these kind of videos, make sure to like, subscribe and comment down below what other kind of content you wanna see on this channel. Now let's get into this shit show.",227
openai_ec9cdc07420d2a87,openai,fable,tired,en,h_common_voice_d4bcc2be844b,read,,"Sound exhausted and flat, with low energy and frequent small pauses.",The property has a lot of space; what's its size?,49
openai_e1ef89acdaa9cfe2,openai,nova,storyteller,en,h_common_voice_168afee212c7,read,,"Use a warm, slow, expressive storytelling voice.",He was the producer of most of these films.,43
openai_1b1fd46d812b244f,openai,onyx,anchor,en,h_voxpopuli_15fe3455c46a,formal,,"Deliver this as a composed, professional news anchor.",madam president the european union is based on common values. among them is that of respect for all nations and minorities and equal treatment for all eu residents regardless of their origin native language or religion.,219
openai_32496900dd3f038d,openai,sage,neutral,en,h_voxpopuli_19b95d84e90c,formal,,,we are concerned about the independence of the judiciary a key element of every democracy.,90
openai_8c0824eb6e7b8f98,openai,shimmer,anchor,en,h_peoples_speech_9af7f58a31e5,procedural,,"Deliver this as a composed, professional news anchor.",now at that point in time when i got that letter i will be honest with you that was the first time i actually seriously considered throwing in the towel,152
openai_e9e3675e78c1e830,openai,verse,support,en,h_peoples_speech_44fceddcd339,procedural,,"Sound like a cheerful, friendly customer support agent.",one of the most important problems that had to be solved to furnish this service was finding a way of automatically keeping track of how long mrs douglas has conversations lasted the telephone number she called and telephone number,231
openai_17d8a7fa23cfdfbf,openai,marin,neutral,en,h_common_voice_90ef7a3c3384,read,,,"The specific epithet crenata also comes from Latin and means ""notched"".",71
openai_75979d398ed14f61,openai,cedar,neutral,en,h_voxpopuli_cf0ab320fabd,formal,,,thank you mr president let me first of all thank all the members of parliament that have made interventions,107
openai_c57367e529be78b5,openai,alloy,neutral,en,h_emilia_1b7f99e6786d,conversational,,,"You know, I, I just am aware of these markets and when I see like, you know, hundred thousand, hundred thousand.",112
openai_e476c38df33060c9,openai,ash,neutral,en,h_peoples_speech_5e70f3891da3,procedural,,,madam speaker last week despite the best efforts of the democratic majority and about forty four republicans we were unable to override the president's veto of a health insurance for the children of poor and working families,224
openai_cf57bb2bac825984,openai,ballad,neutral,en,h_common_voice_4f490a5dbf19,read,,,Did you really need to clog up that pipe?,41
openai_30b0f031af132e17,openai,coral,tired,en,h_common_voice_6fe73ba86bdc,read,,"Sound exhausted and flat, with low energy and frequent small pauses.","When the Midnight Shift apprehended him, he revealed his new origins.",69
openai_aa56324f2cae959d,openai,echo,storyteller,en,h_common_voice_e86de17a88b4,read,,"Use a warm, slow, expressive storytelling voice.","Thus, ""Mesopotamia"" required a new writing project for the band.",64
openai_6f2976e0c1e53301,openai,fable,neutral,en,h_common_voice_a85547a61566,read,,,It is based on the height of a man with his arm raised.,55
openai_6207238d2e2b52de,openai,nova,neutral,en,h_emilia_74059930f4d2,conversational,,,Software that harms an OS or slows it down with malicious intent. These types of programs are called malware and they are meant to cause damage.,144
openai_7d284fd8723b195f,openai,onyx,neutral,en,h_peoples_speech_04bad33880cf,procedural,,,and i think there's an acknowledgement that we need to provide 21st century education experiences for our students,114
openai_072456d69e637aff,openai,sage,neutral,en,h_common_voice_2222dff6ac12,read,,,"His brothers, Thomas and John, would run the family business.",61
openai_7127f10e641e3ffd,openai,shimmer,excited,en,cur_sho_001,shout,,"Speak with excited, fast-paced energy, like sharing thrilling news.",Watch out! The ladder is slipping! Grab the other side!,55
openai_e76ad92c09b7cc32,openai,verse,excited,en,cur_emo_012,emotional,,"Speak with excited, fast-paced energy, like sharing thrilling news.","Honestly, I never thought I'd see the day. I'm completely speechless.",69
openai_cc857c8d605674a0,openai,marin,anchor,en,h_voxpopuli_1ef950116326,formal,,"Deliver this as a composed, professional news anchor.",the future of education depends on us making sure that all individuals without discrimination have access to education.,119
openai_a15a0f344ef3a457,openai,cedar,neutral,en,h_voxpopuli_7823e26e7e77,formal,,,a european democracy needs more open and inclusive institutions. we need bold decisions in order to overcome mistrust and apathy.,129
openai_dbeda8e8eafbeb01,openai,alloy,tired,en,h_common_voice_294a06e69274,read,,"Sound exhausted and flat, with low energy and frequent small pauses.",Bilateral relations have traditionally been at the heart of development cooperation activities.,95
openai_c70467a81878d7bd,openai,ash,storyteller,en,h_common_voice_f29ce56ab1f7,read,,"Use a warm, slow, expressive storytelling voice.",Wall alleged that her new husband raped her repeatedly and that she repeatedly miscarried.,90
openai_ea40d4d6e289cb6e,openai,ballad,anchor,en,h_peoples_speech_061c6e9856e3,procedural,,"Deliver this as a composed, professional news anchor.",be your balance or hanging on tight or what's the secret well like you're turning to one side and want to turn to the other side and hold on really tight to the rope,165
openai_565ee4b891e1d96f,openai,coral,neutral,en,h_common_voice_fab22fad9429,read,,,The album features an array of performers with never before available performances on record.,93
openai_b6b92f016f400ff0,openai,echo,neutral,en,h_voxpopuli_5072228360af,formal,,,that was also half a year that nothing happened people we need to be ashamed,76
openai_d7b7c207f0c29700,openai,fable,excited,en,h_emilia_4bf9c510f7f7,conversational,,"Speak with excited, fast-paced energy, like sharing thrilling news.","An intimate zone is reserved for close friends, lovers, children and close family members",89
openai_216e2c4fb3225423,openai,nova,support,en,h_peoples_speech_50e57610cf97,procedural,,"Sound like a cheerful, friendly customer support agent.",i otherwise you can tell them it's not happening yeah otherwise it would put yeah june 3rd would be the right and i know that you also have well you actually are thinking june 3rd just before,191
openai_0ca339212a650650,openai,onyx,tired,en,h_emilia_740b7f056b30,conversational,,"Sound exhausted and flat, with low energy and frequent small pauses.",And there's a great website called Class Central. I have the URL there on the page. If you want to,98
openai_f95c58001d010da7,openai,sage,neutral,en,h_emilia_c462a3cd462a,conversational,,,"I mean, this is actually easier than I thought it would be. This might be possible, you know?",93
openai_8c70f6cc6c325de9,openai,shimmer,neutral,en,h_emilia_a5027f83c22e,conversational,,,"It's saying, God, I'm so glad you came down on Mount Sinai and made known your Sabbath.",87
openai_c439b97d2e7fa70f,openai,verse,angry,en,cur_emo_017,emotional,,"Speak with barely contained anger, tense and clipped.","If you touch my sister again, I swear you will regret it for the rest of your life.",83
openai_e3fe81b856c2c323,openai,marin,neutral,en,h_common_voice_de7bf230d194,read,,,"At Pisa, Varchi studied to become a notary.",43
openai_4aa8feb1714f14e1,openai,cedar,excited,en,h_emilia_526a11446168,conversational,,"Speak with excited, fast-paced energy, like sharing thrilling news.",Likewise the angel Moroni first lived in a pre-Columbian American civilization as the 5th century prophet warrior named Moroni,126
openai_379c5d71808f4ef3,openai,alloy,tired,en,h_common_voice_c9d3a78289c1,read,,"Sound exhausted and flat, with low energy and frequent small pauses.",The Franks were successful at Tolbiac and established their dominance over the Alamanni.,88
openai_0fef97f423dd7750,openai,ash,storyteller,en,h_common_voice_f25b46a15517,read,,"Use a warm, slow, expressive storytelling voice.","After the Civil War, cattlemen moved into the area.",51
openai_68f8b5e6fa322bf8,openai,ballad,excited,en,cur_sho_002,shout,,"Speak with excited, fast-paced energy, like sharing thrilling news.",Goal! An absolute screamer from thirty yards out! Unbelievable!,63
openai_f436c76a0853fc5a,openai,coral,tired,en,h_emilia_d11ac5352e33,conversational,,"Sound exhausted and flat, with low energy and frequent small pauses.","The people who enjoys majority support of the MPTCs, means if there are 50 MPTCs, anyone who gets a support of 26 MPTCs will be called as a chairman.",149
openai_8f8ac3f2e74dd90a,openai,echo,neutral,en,h_emilia_6fa5ba06e5db,conversational,,,"But instead I'm going to show you how to do this, uh, by hand. So we've got two equations. We have a y equals, let's see, m.",124
openai_7ee9f98777de08c6,openai,fable,neutral,en,h_common_voice_e95636b2e41b,read,,,"Tadpoles are eaten by fish, beetles, dragonfly larvae and birds.",64
openai_c0c17d7547481172,openai,nova,neutral,en,h_common_voice_fd9c0fc7f90c,read,,,And it makes you feel as if you are The Darkness itself.,56
openai_a7fdc4f68e9c2268,openai,onyx,anchor,en,h_voxpopuli_21106fa9627e,formal,,"Deliver this as a composed, professional news anchor.",let's start indeed on the positive notes the european economy is,64
openai_40fd37d0a0d251fc,openai,sage,tired,en,h_common_voice_c13be16aac44,read,,"Sound exhausted and flat, with low energy and frequent small pauses.",The designer for the refurbishment was Sheppard Robson.,55
openai_a16141d76a288efc,openai,shimmer,storyteller,en,h_common_voice_421af521c199,read,,"Use a warm, slow, expressive storytelling voice.",One of Jackson's main arguments against the bill was the project's provincial nature.,85
openai_9c23c30a54515f16,openai,verse,excited,en,cur_que_001,question,,"Speak with excited, fast-paced energy, like sharing thrilling news.",Did you remember to lock the back door before we left this morning?,67
openai_2fe4004dce1de0d0,openai,marin,neutral,en,cur_twi_001,dense,,,"She sells seashells by the seashore, but the shells she sells are surely seashells.",83
openai_15f59d28900bbdc3,openai,cedar,neutral,en,h_peoples_speech_1b081c3c19e6,procedural,,,so one of the problems we have is all those replaced meter meters so if this project moves forward,98
openai_ab88e2d20505a75f,openai,alloy,neutral,en,h_peoples_speech_48e091449546,procedural,,,the belmont center business association honored mahoney at his final meeting with him as the bank president on march 19th,121
openai_3cf67135d25b68d6,openai,ash,neutral,en,h_common_voice_b5d472f1e755,read,,,Salvatore hides in a meat factory that he owns.,47
openai_1fce502db0691135,openai,ballad,neutral,en,h_common_voice_f21dbd78af39,read,,,He progressed quickly and drew the attention of the surf media.,63
openai_fd01fb4a003453a6,openai,coral,anchor,en,h_peoples_speech_ba5d917deeb1,procedural,,"Deliver this as a composed, professional news anchor.",and i do think if my memory's even in the ballpark we need to pass something,76
openai_d8da3591c9fd458a,openai,echo,tired,en,h_common_voice_1e6c1c046086,read,,"Sound exhausted and flat, with low energy and frequent small pauses.","Ninety five lines and no more, that's it.",41
openai_cb1d023e824af5a0,openai,fable,storyteller,en,h_common_voice_7f14fcc1e4a4,read,,"Use a warm, slow, expressive storytelling voice.",There are auxiliary rooms on the ground floor.,46
openai_fd46d3d586e283b5,openai,nova,neutral,en,h_emilia_5615eb6c0004,conversational,,,"Six, that teach them about financial management. Good parents don't only send their words to school.",100
openai_1d72b102a4b64504,openai,onyx,excited,en,h_emilia_028921574644,conversational,,"Speak with excited, fast-paced energy, like sharing thrilling news.","He argued that all big spherical moons, including the Moon, should likewise be considered planets",97
openai_f30d978d396565ae,openai,sage,excited,en,cur_emo_013,emotional,,"Speak with excited, fast-paced energy, like sharing thrilling news.","Stop the car. Stop the car right now, I mean it!",48
openai_d3121376967a2ff4,openai,shimmer,neutral,en,h_common_voice_768d51598bfc,read,,,"In some cases the symbols are ""punning"".",40
openai_0b6adf4a6b77e541,openai,verse,neutral,en,h_common_voice_3050a47e6168,read,,,It was subsequently purchased by Joseph Medill Patterson and Robert McCormick.,78
openai_ca1bf86b73f5ad58,openai,marin,tired,en,h_common_voice_ce0f3d2fdb50,read,,"Sound exhausted and flat, with low energy and frequent small pauses.","Seth continues to deteriorate, losing body parts and becoming less human in appearance.",87
openai_69923a38e45f5ad0,openai,cedar,neutral,en,h_voxpopuli_0deba75f8add,formal,,,it was a very important achievement and now is the time to move on with the implementation of the pillar principles.,116
openai_0fee981d229e1657,openai,alloy,storyteller,en,h_common_voice_8a0bd411601b,read,,"Use a warm, slow, expressive storytelling voice.",Red-Eye swung back and forth on the branch farther down.,56
openai_d2b0bc3b8de1e08f,openai,ash,tired,en,h_emilia_ea860e79b751,conversational,,"Sound exhausted and flat, with low energy and frequent small pauses.",It's very simple. Quick question is this. Compare a fantasy player to a blockbuster movie.,90
openai_b5ac064e7ccd4aca,openai,ballad,neutral,en,h_emilia_28756542da2f,conversational,,,"On 28 March 2009, Thai Airways discontinued all domestic flights from Don Muang",79
openai_9e63ba64bb7d7b14,openai,coral,neutral,en,h_common_voice_06bcb9050579,read,,,"If there is no objection, the decision is made.",47
openai_e84835e246ba547a,openai,echo,neutral,en,h_emilia_06d6adb5c440,conversational,,,"Then seek, tell and read and do random access of IO, so they can go into a particular sector and then read from there, uh, things like that.",140
openai_54695e9bf2b51677,openai,fable,support,en,h_peoples_speech_75a383481c27,procedural,,"Sound like a cheerful, friendly customer support agent.",it's making people feel a little sicker she said she's seen more patients this year then at the same time last year,115
openai_ced9351394663e47,openai,nova,neutral,en,h_voxpopuli_662a4983ea89,formal,,,well you know the old saying that well god protected me from the friends because that's for the enemies i will take care of them myself good luck mr the prime,158
openai_576b0b48dca8702c,openai,onyx,anchor,en,h_voxpopuli_0b23a6d16d3c,formal,,"Deliver this as a composed, professional news anchor.",it allows for the mutual recognition of protection measures which are based on civil law rather than criminal law. i would like to ask my colleagues to support this proposal.,174
openai_36788800262999d5,openai,sage,neutral,en,h_voxpopuli_6d2876e771c2,formal,,,the floor now to mr tan two minutes mr president since the abolition of the nepalese monarchy and the election of a mais led government in kaman do nepal and china have inevitably grown much closer it's no,205
openai_b9f833b0d4d6f99c,openai,shimmer,neutral,en,h_common_voice_16ef1290fe1a,read,,,The strike was started by the faculty and students.,51
openai_e0bd07bf3659ef05,openai,verse,tired,en,h_common_voice_769fc6cbad90,read,,"Sound exhausted and flat, with low energy and frequent small pauses.",He graduated as one of the top students in his class.,53
openai_feb02773d582f1bc,openai,marin,storyteller,en,h_common_voice_6f1398a3a39f,read,,"Use a warm, slow, expressive storytelling voice.","Suicide, then, also must be rejected: without man, the absurd cannot exist.",75
openai_3e49c9f1b30e8f60,openai,cedar,excited,en,h_emilia_0b0bde5f3157,conversational,,"Speak with excited, fast-paced energy, like sharing thrilling news.","Trying to be too speedy, and obviously that is at my detriment. Okay, c'mon, speed up a bit.",92
openai_fde90febd9e6d81a,openai,alloy,neutral,en,h_peoples_speech_02a6057e71a2,procedural,,,three homeowners have asked to have their homes removed from the list of historic buildings subject to the demolition delay bylaw subject to the demolition delay bylaw approved at last year's annual town meeting,211
openai_e1585ba9b6008af0,openai,ash,tired,en,h_emilia_676c8d67e8f9,conversational,,"Sound exhausted and flat, with low energy and frequent small pauses.",That they are undoubtedly far older than this. As to state that they were somehow cut by people with literally no tools to their disposal to us seems laughable.,160
openai_b12bd46759a69ed0,openai,ballad,neutral,en,cur_twi_003,dense,,,Peter Piper picked a peck of pickled peppers while properly preparing pungent paprika.,86
openai_bdd1a6ee67243830,openai,coral,neutral,en,h_emilia_1ff333b67208,conversational,,,"However, Governor Dirk Kempthorne appointed State Senator Jack Riggs of Coeur d'Alene to the post instead",105
openai_7f6f375b652981eb,openai,echo,neutral,en,h_emilia_a0cebaaab2f5,conversational,,,"Quite a tough day, I must say. I hope you still have some energy to listen to mine and afterwards lecture.",106
openai_51f75f1d7e118101,openai,fable,neutral,en,h_common_voice_7052e0b0e71b,read,,,I dreamed I was walking through a fine rich country.,52
openai_ef96d688eceb6dc1,openai,nova,excited,en,h_emilia_16e40a7e3358,conversational,,"Speak with excited, fast-paced energy, like sharing thrilling news.","Yes, you see that 9000C? Right, the Juki Corporation, still made in China. Still made in China, if you could see that tiny.",123
openai_db0ef06b76a1323d,openai,onyx,tired,en,h_emilia_e4743b31da81,conversational,,"Sound exhausted and flat, with low energy and frequent small pauses.",Locked by the wall. Trying to kick it again. Back to defenders. Three defenders there. Punches it up. Made feel. Kicked out quickly.,132
openai_4a68ea581eca644a,openai,sage,neutral,en,h_peoples_speech_795c59ca1a43,procedural,,,then we have just the pure wine and the skins and the seeds we'll separate just take out and compost,100
openai_66043f82668624b8,openai,shimmer,neutral,en,h_common_voice_359b3dfcb5bd,read,,,Phil Anselmo has credited numerous inspirations for the song.,61
openai_331a3611a243b8a8,openai,verse,tired,en,h_common_voice_921421b71c7f,read,,"Sound exhausted and flat, with low energy and frequent small pauses.","As kings died, others came along and new temples were constructed in their honor.",81
openai_c5da6efb33bbbf6f,openai,marin,neutral,en,h_emilia_3647b7faf3a6,conversational,,,"Finally, one day in desperation, the counselor said to her, give me a sense of something you're interested in, anything at all.",127
openai_6b9ce220c567bf5d,openai,cedar,storyteller,en,h_common_voice_f59607149375,read,,"Use a warm, slow, expressive storytelling voice.","Malcolm was born and was brought up in Newport, where he still lives.",69
openai_0d88e979ec4cdb4c,openai,alloy,support,en,cur_que_005,question,,"Sound like a cheerful, friendly customer support agent.",Is it supposed to make that clicking noise when I turn the key?,63
openai_daafd98df2ae8d7f,openai,ash,neutral,en,h_common_voice_bc49deee254a,read,,,Pongo is the brother of Valerie Twistleton.,43
openai_a422e3dcf6feb5e0,openai,ballad,neutral,en,h_emilia_f596c5756dbb,conversational,,,So what do you think are the biggest things that people should listen for as they enjoy actual plays?,101
openai_b735c161ca2afcf2,openai,coral,anchor,en,h_peoples_speech_76a593fe40d6,procedural,,"Deliver this as a composed, professional news anchor.",i just feel like it's up to us to work as hard as we can possibly work to make sure this happens as fast as it can possibly happen,130
openai_d8d9a6a2fe391e3f,openai,echo,excited,en,h_emilia_e156026a76fc,conversational,,"Speak with excited, fast-paced energy, like sharing thrilling news.","Imler assembled a force of about 3,000 men from Security Police, Gestapo, Kripo, SD, and the Waffen-SS, as the so-called, ""'Special Commandos of the Security Forces"", known as the Einsatzgruppen, to eliminate both communists and Jews in occupied territories.",258
openai_d49337ac92ee1a72,openai,fable,support,en,h_peoples_speech_c6182b62ab56,procedural,,"Sound like a cheerful, friendly customer support agent.",nearly five hundred people ages two to seventy registered for the third annual becca pizzi 5k road race on april 29th despite the wet weather,141
openai_7d494eb14eabf356,openai,nova,neutral,en,h_peoples_speech_27f089d5f609,procedural,,,and then out of that comes whatever meyerjensen proves on a quantum meruit basis,80
openai_5865b02e9124b5fa,openai,onyx,neutral,en,h_voxpopuli_d7ecee2e0d1e,formal,,,it's both interesting and demanding to meet the various petitioners who come to the committee and talk about their problems.,124
openai_9ac68ac63a20414d,openai,sage,neutral,en,h_common_voice_52c7736dc1f8,read,,,"Even the Basque ball game, ""pilota"", is ascribed to these stone-throwers.",73
openai_ee174bed30b47d0d,openai,shimmer,tired,en,h_common_voice_4f5440d17a4f,read,,"Sound exhausted and flat, with low energy and frequent small pauses.",Lanterns decorate the stage with the names of festival sponsors.,64
openai_3f1bfdcd389b8539,openai,verse,angry,en,cur_emo_020,emotional,,"Speak with barely contained anger, tense and clipped.","Look at the little guy! He's wagging his tail! Oh, he likes me!",63
openai_5747c4f0c98056bc,openai,marin,anchor,en,h_voxpopuli_2b704dcce36b,formal,,"Deliver this as a composed, professional news anchor.",people have been destroyed economical support for people have been destroyed and there we need to help also in the long and medium turn that those issues and those properties can be rebuilt that also regional money and funds can be used and also long term measures such as anti,277
openai_276d112a37127f7b,openai,cedar,storyteller,en,h_common_voice_7a0b61e61762,read,,"Use a warm, slow, expressive storytelling voice.",He was the first secretary of the Indian National Congress.,59
openai_75a795f69730bf45,openai,alloy,tired,en,h_emilia_f74d2005e4aa,conversational,,"Sound exhausted and flat, with low energy and frequent small pauses.","We totally can do it. I think the students would love it. Uh, first gen, let's, hey, if you're serious, Katie, uh, first gen week is the week of November 8th. There's something during that week, as we can tell you.",214
openai_a5ec49d9925144f6,openai,ash,neutral,en,h_emilia_a3b75fece068,conversational,,,"This device would destroy the Minuteman RV with a closing speed of about 20,000 feet per second at an altitude of more than 100 miles",133
openai_a9db01fcb18e27ed,openai,ballad,excited,en,cur_sho_005,shout,,"Speak with excited, fast-paced energy, like sharing thrilling news.","Cut! That was perfect! Everybody take five, we got the shot!",60
openai_82482c707918e678,openai,coral,neutral,en,h_emilia_584ebf37602a,conversational,,,"In your family, who do you go to for support? Is it mom, dad, maybe a grandparent? Have you surrounded yourself with positive friends, people who can listen and be there for you? In this building, you have a lot of mentors.",223
openai_dc35537339139db1,openai,echo,neutral,en,h_common_voice_654c9f1850c9,read,,,Simon Doc Octopus Milton played bass guitar on The Lord Of The Flies album.,75
openai_f9292f0e0c7c9ee5,openai,fable,excited,en,h_emilia_beb06595d648,conversational,,"Speak with excited, fast-paced energy, like sharing thrilling news.",Wilson and Nguyen state that the students realize there is little or no direct link between the subjects they are doing and their perceived future in the labor market,166
openai_af383b8818cffda2,openai,nova,neutral,en,h_voxpopuli_8bd1a6decb20,formal,,,if we do not act now we will not only fail in meeting our climate obligations we will also miss out in reaping the rewards of being leaders of green innovation.,160
openai_358014fb0e009800,openai,onyx,support,en,cur_num_017,numbers,,"Sound like a cheerful, friendly customer support agent.","GDP contracted 0.3 percent in Q4, while unemployment held at 4.1 percent.",73
openai_04bc400d1ac3e181,openai,sage,neutral,en,h_peoples_speech_e002a4d73dc6,procedural,,,i would do it exactly the same way and that is because these panels are designed to address issues relative to our rulemaking that sets a standard or establishes a requirement on a business sector a small business entity,220
openai_ff14d69acefcc349,openai,shimmer,neutral,en,h_common_voice_deac252b9301,read,,,My assignment has been completed and submitted.,47
openai_05a46dbe73f436ce,openai,verse,tired,en,h_common_voice_5990f7aef968,read,,"Sound exhausted and flat, with low energy and frequent small pauses.",The most widespread use of multitier architecture is the three-tier architecture.,81
openai_4604d16b413cef5e,openai,marin,tired,en,h_emilia_abd6541103d8,conversational,,"Sound exhausted and flat, with low energy and frequent small pauses.",It doesn't matter when I put this on. This foundation looks beautiful on my mature skin. It never settles into fine lines and wrinkles.,135
openai_8155f58c8f313d1b,openai,cedar,neutral,en,h_emilia_cc3fba0a72ec,conversational,,,"And I think to avoid that such a project get easily shut down, you need to build it really censorship resistant. And to get censorship resistant, you need decentralization.",172
openai_72ab415f33401ac4,openai,alloy,neutral,en,h_emilia_a91f28c2ced0,conversational,,,"Do you strongly prefer to watch the recording and, uh,",54
openai_20a9444a2b023f52,openai,ash,storyteller,en,h_common_voice_2dcbe2912ec2,read,,"Use a warm, slow, expressive storytelling voice.",The nearest railway is at Labytnangi on the opposite side of the river Ob.,74
openai_6e1fec57f4cda33f,openai,ballad,neutral,en,h_common_voice_2dafe1c2312f,read,,,She lived with her aunt after her mother died.,46
openai_75b3e4ccad0030d0,openai,coral,excited,en,h_emilia_b731cd685e91,conversational,,"Speak with excited, fast-paced energy, like sharing thrilling news.","Microphone, University of California, Berkeley, USATHE orbiter's mission was to take pictures from orbit, explore Mars atmosphere and relay information and images from the netlanders",182
openai_d880a9a401a2bf39,openai,echo,neutral,en,h_common_voice_0416d2ca3fb1,read,,,Alexander was married to James Frost Alexander.,47
openai_961e7125090a3872,openai,fable,tired,en,h_common_voice_be329a6072fb,read,,"Sound exhausted and flat, with low energy and frequent small pauses.","Fouls, on the other hand, can occur only while the ball is in play.",67
openai_3b62a6c51530c490,openai,nova,neutral,en,h_voxpopuli_57b85dfce51a,formal,,,commercial practices the commission will also address the issue of commercial practices whereby travel services providers who market their services online offer additional services in an unclear or ambiguous manner such as hiding the option of not booking any further services and the commission,295
openai_1ef11f48745ca738,openai,onyx,anchor,en,h_peoples_speech_cdcb12969a09,procedural,,"Deliver this as a composed, professional news anchor.",again wonderful partnership with the land bank with metroplex sir and ida for working in our neighborhoods,106
openai_08391566b4b84c02,openai,sage,storyteller,en,h_common_voice_a65878e536cb,read,,"Use a warm, slow, expressive storytelling voice.",Among other nutrients lost are dietary fiber and small amounts of fatty acids.,78
openai_370fc415c58abb9b,openai,shimmer,excited,en,cur_emo_003,emotional,,"Speak with excited, fast-paced energy, like sharing thrilling news.",Please don't go. Not tonight. Not like this.,44
openai_0cca4ab2495c8737,openai,verse,tired,en,h_emilia_da058af81313,conversational,,"Sound exhausted and flat, with low energy and frequent small pauses.","Uh, Matt, your leader at Red Hat, now part of IBM, continues to operate, uh, in the Red Hat spirit, uh, innovating out in the open, people are wearing their Red Hat, uh,",169
openai_015280d53f568753,openai,marin,neutral,en,h_emilia_1320c13cd317,conversational,,,"Russia, 80 MW, Lopburi Solar Farm, Thailand 73.16 MW, Rovigo Photovoltaic Power Plant, Italy, 72 MW, and the Liberos Photovoltaic Park, Germany, 71.8 MW.There are also many large plants under construction.",205
openai_bc3f82dd5accbcf7,openai,cedar,neutral,en,h_emilia_459c152426a3,conversational,,,"Lebanon and Hezbollah continue to claim a small area called Sheba Farms as Lebanese territory, but Israel insists that it is captured Syrian territory with the same status as the Golan Heights",192
openai_57cf05a86fe28c61,openai,alloy,neutral,en,h_common_voice_2bcfa4d064fa,read,,,This was the first donation accepted by the Smithsonian in the field of magic.,78
openai_b7ae4eb4fa184652,openai,ash,anchor,en,h_voxpopuli_675e0a91e0d8,formal,,"Deliver this as a composed, professional news anchor.",nothing prevents member states to provide their patients who receive cross border healthcare more advantages form of reimbursement even in advance however it depends on the member states national nevertheless,208
openai_9e855278e8defa58,openai,ballad,support,en,h_peoples_speech_77400db811a5,procedural,,"Sound like a cheerful, friendly customer support agent.",the total cost of a burial with the plot for a municipal cemetery is ten thousand to twelve thousand,100
openai_6f838f4d110ea29d,openai,coral,neutral,en,cur_num_016,numbers,,,"Model X-200 ships in SKU batches of 144, with lead times of 6 to 8 weeks.",73
openai_14a6920a379f27c9,openai,echo,neutral,en,h_peoples_speech_1930aba7797f,procedural,,,the defense counsel record shows that counsel pushed the victim and asked specific questions in order to challenge the credibility her truthfulness and her motive especially where the victim at times was vague and imprecise,223
openai_f57ff9b533096c2a,openai,fable,excited,en,h_emilia_59f4df01aa7f,conversational,,"Speak with excited, fast-paced energy, like sharing thrilling news.",Is producing an area around it where this flux of relic neutrinos from the cosmos.,82
openai_38d689d9e3515d22,openai,nova,tired,en,h_emilia_dc49428f4850,conversational,,"Sound exhausted and flat, with low energy and frequent small pauses.",The resulting textures are a little different but mostly for the initiated taster.,82
openai_48f26540a569667c,openai,onyx,neutral,en,h_common_voice_2dd1a5a42896,read,,,No segment of this state route is included within the National Highway System.,78
openai_215001f4a4b5b21e,openai,sage,neutral,en,h_emilia_22ae12cb2b9c,conversational,,,"Similarly, in some instances a small invading population can threaten much larger native populations",100
openai_a9c09165c79c7764,openai,shimmer,tired,en,h_common_voice_b93c388bfcaa,read,,"Sound exhausted and flat, with low energy and frequent small pauses.",Badminton is my favorite type of racket sports.,47
openai_9dcd324443bbf581,openai,verse,storyteller,en,h_common_voice_404f19341d88,read,,"Use a warm, slow, expressive storytelling voice.",Two physicists pondered their revised quantum field theory together.,68
openai_9e7a2bdfb54a928b,openai,marin,storyteller,en,cur_twi_006,dense,,"Use a warm, slow, expressive storytelling voice.",The thirty-three thieves thought they thrilled the throne throughout Thursday.,78
openai_bc43bf25515cf8b9,openai,cedar,neutral,en,h_emilia_7fecb92dcb68,conversational,,,"Actually, we've had Adam Gibson on the show before to explain TLS Notary, so. Yeaah.",84
openai_b69b69a5cae364ae,openai,alloy,excited,en,h_emilia_60284aafaa14,conversational,,"Speak with excited, fast-paced energy, like sharing thrilling news.","I believe that chaos offers some useful ways of thinking about the world beyond science, but metaphors don't always work.",121
openai_8c8978c2bfb2d3a4,openai,ash,tired,en,h_emilia_5765a74c825f,conversational,,"Sound exhausted and flat, with low energy and frequent small pauses.",The zeal and completeness with which he elaborates what I've called a mammoth handbook of how to make a Matisse.,112
openai_033f9dfe6adbc1c9,openai,ballad,neutral,en,h_common_voice_a9b8c809e9da,read,,,Throughout her career she has held different positions at the national level and abroad.,88
openai_7f177cc2e3126ff4,openai,coral,neutral,en,h_emilia_5d65439a432c,conversational,,,"As the water table around the well is lowered from pumping, unsaturated soil is exposed",87
openai_a7db83dcd5fc2e33,openai,echo,neutral,en,h_emilia_47bbab447560,conversational,,,And I've actually got a second equation like that as well. y equals m2.,71
openai_5aad7e8d2595aa03,openai,fable,neutral,en,h_common_voice_f471e63d8106,read,,,I hope that he understood what I was saying.,44
openai_55e377e1d4f1ae0b,openai,nova,tired,en,h_common_voice_6f65c1df4c56,read,,"Sound exhausted and flat, with low energy and frequent small pauses.",She worked closely with Marietta Kies at Mount Holyoke.,55
openai_be44c23dc74ec589,openai,onyx,storyteller,en,h_common_voice_037870d3cb8d,read,,"Use a warm, slow, expressive storytelling voice.","Because ""Little Big Mom"" deals with leprosy, it has never been released in Japan.",81
openai_dbfe063769d91aa0,openai,sage,neutral,en,h_common_voice_5393a9f7f096,read,,,He wanted Nelson's disrespect witnessed.,40
openai_8d1bed5e8a45af14,openai,shimmer,excited,en,cur_sho_014,shout,,"Speak with excited, fast-paced energy, like sharing thrilling news.",Touchdown! Forty-seven seconds left and they take the lead!,59
openai_e1ecf851e99c959e,openai,verse,excited,en,cur_sho_008,shout,,"Speak with excited, fast-paced energy, like sharing thrilling news.",Hey! That's my bike! Somebody stop that guy!,44
openai_62d2b638387f9c82,openai,marin,angry,en,cur_emo_030,emotional,,"Speak with barely contained anger, tense and clipped.","Three years of saving, and the engine gives out two days after the warranty ends.",81
openai_280784fed51302ed,openai,cedar,neutral,en,h_common_voice_fb97411b1098,read,,,"The west town line is the border of Fulton County, New York.",60
openai_3825880bf0c6b76c,openai,alloy,excited,en,h_emilia_1b307ad5e286,conversational,,"Speak with excited, fast-paced energy, like sharing thrilling news.","So I was gonna say my solution to that is by having a GM who loves to kickstart campaigns and, and systems. So he has this huge shelf of campaign and system rules. So when we feel like one system just isn't working, we just switch.",231
openai_84d9b5b747113c65,openai,ash,neutral,en,h_voxpopuli_c8e1c5004da3,formal,,,the social use of seized criminal assets for youth support regeneration projects or even crime prevention could really help empower these communities.,150
openai_6313d0006735e1ca,openai,ballad,tired,en,h_common_voice_0eb4eaeac6b8,read,,"Sound exhausted and flat, with low energy and frequent small pauses.",All who met him fell with their faces to the earth.,51
openai_97f4397c2381fc3b,openai,coral,neutral,en,h_peoples_speech_f2ac57921b2d,procedural,,,so if you get ones that are underripe in there i mean the main issue i think would be that the acid it would keep pushing the acid low because we're always fighting kind of borderline high acid levels so we want to do whatever we can to keep that under any kind of threshold,274
openai_7caaf8d0836484e2,openai,echo,neutral,en,cur_que_010,question,,,"Take the second left after the bridge, then follow the gravel road to the end.",78
openai_fae8991c803130ed,openai,fable,tired,en,h_emilia_5ffac4c6f617,conversational,,"Sound exhausted and flat, with low energy and frequent small pauses.","There was a movie that came out in the 60s only to be remade 40 years later. And that's why... Put it on the screen, Bruxy. The Denver Broncos are... OCEANS 11!",160
openai_9c95d33a0794edd7,openai,nova,neutral,en,h_emilia_4d8eccd43064,conversational,,,Other specific countries or both in specific countries and also at the international level in terms of debate and lesson sharing.,129
openai_e917537c7d86aaa9,openai,onyx,storyteller,en,h_common_voice_16738efe0049,read,,"Use a warm, slow, expressive storytelling voice.",In the flashes of lightning they see the fire of the artillery.,63
openai_ced44fdbb2443912,openai,sage,neutral,en,h_emilia_d231fe27d9f7,conversational,,,"Where theta is the amount of rotation, this is the direction of rotations and the generators are tau by 2.",106
openai_285edfe61d31fe10,openai,shimmer,neutral,en,h_common_voice_3ac15d65a0b2,read,,,"He's a regular and he's connected, but then I expect you knew that much already.",80
openai_7c57ad7d07fc3337,openai,verse,excited,en,h_emilia_cc929c118fc2,conversational,,"Speak with excited, fast-paced energy, like sharing thrilling news.",I continue to focus on this one contradiction that I have.,58
openai_b95dade3a56b7898,openai,marin,neutral,en,h_common_voice_df15d89c8bc2,read,,,He worked briefly on the Manhattan Project at Princeton University.,67
openai_70c0dda259ad328b,openai,cedar,tired,en,h_emilia_b17e020dd04b,conversational,,"Sound exhausted and flat, with low energy and frequent small pauses.","In contrast to all these ant species, and despite their enormous diversity of prey, doryless ants rarely consume termites.Ants are not the only invertebrates that perform raids",176
openai_b78ddc76220b30cc,openai,alloy,tired,en,h_common_voice_e9d7299fcbf2,read,,"Sound exhausted and flat, with low energy and frequent small pauses.",Elizabeth was about the same age as Maria.,42
openai_bd8a5d094926938f,openai,ash,storyteller,en,h_common_voice_774711c5f29e,read,,"Use a warm, slow, expressive storytelling voice.",His speech ended with a standing ovation.,41
openai_e6a0554078f599e1,openai,ballad,anchor,en,h_peoples_speech_580d5311b8f8,procedural,,"Deliver this as a composed, professional news anchor.",well i did not object to any of the exhibits that he submitted to the court,75
openai_8843a1bae9693130,openai,coral,neutral,en,h_common_voice_6131b2d609f8,read,,,A handful of people are waiting for the subway.,47
openai_67fd92c9570fa3d0,openai,echo,neutral,en,h_common_voice_57cf2b524e4f,read,,,"Public facilities, as precautionary measures, were closed.",58
openai_748e9215389247fa,openai,fable,tired,en,h_common_voice_18b614604c89,read,,"Sound exhausted and flat, with low energy and frequent small pauses.",She decided to study Accounting at a university in Portugal.,60
openai_36af3c5ebd8fccf8,openai,nova,support,en,h_peoples_speech_326d9bc371bf,procedural,,"Sound like a cheerful, friendly customer support agent.",the credibility that we need before a jury when we're going into a trial trying to guide the jury through six and a half weeks of testimony,139
openai_d7a4d2d6986b6167,openai,onyx,neutral,en,h_peoples_speech_f726366f5605,procedural,,,and there's also nothing in the record to show that the trial court improperly considered this considered this,110
openai_90b8fea8f57a82bf,openai,sage,storyteller,en,h_common_voice_d21670f96760,read,,"Use a warm, slow, expressive storytelling voice.",This process is particularly visible in the eastern part of its area.,69
openai_d6baf94f78fc820e,openai,shimmer,neutral,en,h_emilia_23755a13b9aa,conversational,,,"Mike, I debated asking this question at all because I feel like, uh, there can only really be one answer on, on this, during this discussion, but uhm, do you have a favorite football team?",188
openai_b19406d50fecfcd6,openai,verse,neutral,en,h_emilia_dc78ceb098b3,conversational,,,The year 1724 in science and technology involved some significant events,72
openai_5b1a96eefcf8aaa8,openai,marin,neutral,en,h_voxpopuli_962e56478d81,formal,,,it therefore threatens to give investors an extra reason not to buy europe's securities or transact with its institutions at a time when it can ill afford to drive away economic activity.,187
openai_7fb9252a7b0314b0,openai,cedar,anchor,en,h_voxpopuli_880271595af5,formal,,"Deliver this as a composed, professional news anchor.",ever since then to better have been under the control of beijing the traditional the traditional but tobe,105
openai_908a8e77414bc33e,openai,alloy,neutral,en,h_voxpopuli_d48cbc72083f,formal,,,what i want to do with this copyright reform is to combine responsibility and freedom and that is the balanced approach.,120
openai_19445064fd0769d2,openai,ash,neutral,en,h_peoples_speech_7a8e40bfa8f8,procedural,,,mr gauld are you aware of that issue at all mr gauld is a new employee and actually we're kind of all going through this together,129
openai_afa9410022e76c2b,openai,ballad,neutral,en,h_common_voice_2a9c9c369b39,read,,,"Similar parties were formed in the Netherlands, Bulgaria and Britain.",69
openai_475486ec4a5beb8f,openai,coral,neutral,en,h_common_voice_6491a22e20b9,read,,,The brickwork is laid in stretcher courses through most of the house.,69
openai_9130afe5af3d6b0e,openai,echo,excited,en,h_emilia_fa1711564b2b,conversational,,"Speak with excited, fast-paced energy, like sharing thrilling news.",The earlier Soyuz 11A511 was the first attempt at creating a standardized R7 core in place of the numerous variations that had been used up to 1966,147
openai_894fde071ae7703d,openai,fable,tired,en,h_emilia_766bc89402f2,conversational,,"Sound exhausted and flat, with low energy and frequent small pauses.","You also participate in the dance troupe, is that right?",56
openai_6de3d0411ed332eb,openai,nova,tired,en,h_common_voice_9abfc3258409,read,,"Sound exhausted and flat, with low energy and frequent small pauses.","The route begins on the Valley Way, which brings hikers to the Madison Hut.",75
openai_0c09c7fbb58b3604,openai,onyx,storyteller,en,h_common_voice_da1c29c8d52d,read,,"Use a warm, slow, expressive storytelling voice.",He was first commanding officer of the Sri Lanka Army Medical Corps.,68
openai_d59c6dfa0941a09d,openai,sage,neutral,en,h_common_voice_ba40e3aae44a,read,,,Formal rose gardens line the eastern and southern sides.,56
openai_f38d174f31ae86ae,openai,shimmer,neutral,en,h_emilia_e3dd9a1e6ce3,conversational,,,"But if you recog- if I'm saying these words and you're like, oh my GM does-",75
openai_e84ee8fa7b08596b,openai,verse,neutral,en,h_common_voice_11f14be83a45,read,,,Who is the blonde girl with the red skirt?,42
openai_51d2af6acde79b0d,openai,marin,neutral,en,h_voxpopuli_699bb9f8d702,formal,,,finally other member states do exactly the same thing systematic pool,69
openai_d27fa2d19dc78aae,openai,cedar,anchor,en,h_voxpopuli_ea3e2a4a5da7,formal,,"Deliver this as a composed, professional news anchor.",solidarity and volunteering are values that i as a social democrat and human being strongly support. i honestly thank and extend my gratitude to everyone who selflessly helps fellow people and the communities.,209
openai_2098bf2fe6457618,openai,alloy,tired,en,h_common_voice_347353c1383e,read,,"Sound exhausted and flat, with low energy and frequent small pauses.",Wasn't there a command line client for ordering pizza somewhere?,64
openai_ebe69228a55c7925,openai,ash,storyteller,en,h_common_voice_b12dd81cd595,read,,"Use a warm, slow, expressive storytelling voice.","The more you read, the better you will be understood.",53
openai_6d415704f93bef7c,openai,ballad,whisper,en,cur_whi_006,whisper,,"Whisper very softly, as if telling a secret late at night.",The library closes in ten minutes. We need to find that reference now.,70
openai_fd6117bd407aa259,openai,coral,neutral,en,h_common_voice_215de265a0d0,read,,,The rocket propelled fire arrow appeared later.,47
openai_d646a0332afe48ab,openai,echo,neutral,en,h_common_voice_130917415b23,read,,,The club is always looking for new players to compete in local leagues.,71
openai_e96a708669b5d738,openai,fable,anchor,en,h_peoples_speech_6123b4b6d412,procedural,,"Deliver this as a composed, professional news anchor.",carol corey will report when he found out from the mayor here,61
openai_4334277843427435,openai,nova,tired,en,h_common_voice_1e3d6cf9c1e0,read,,"Sound exhausted and flat, with low energy and frequent small pauses.","The proposal came under criticism of European Federation of Journalists, and Russian government.",96
openai_e5aaac956de94d7f,openai,onyx,storyteller,en,h_common_voice_3d1fa2c05646,read,,"Use a warm, slow, expressive storytelling voice.","The ticket office, on the 'up' side, is situated in the substantial station building.",85
openai_1032a69f3dc248d8,openai,sage,neutral,en,h_emilia_f8b1fc63a7db,conversational,,,Successive atoms become smaller because they are filling orbits of,66
openai_5ca01f9cd490794f,openai,shimmer,neutral,en,h_common_voice_f2855ea124cc,read,,,Volkswagen vehicles built off different platforms have carried the Polo name plate.,83
openai_69895c2e36947c49,openai,verse,excited,en,cur_sho_004,shout,,"Speak with excited, fast-paced energy, like sharing thrilling news.",Last call for the number nine bus! Doors are closing!,53
openai_0f8fa16f160657a7,openai,marin,excited,en,h_emilia_6178c168f564,conversational,,"Speak with excited, fast-paced energy, like sharing thrilling news.",The additional costs of those first carbon capture and disposal plants.,71
openai_a0db18b9a320c2c7,openai,cedar,tired,en,h_emilia_8235e17a8b6c,conversational,,"Sound exhausted and flat, with low energy and frequent small pauses.","They were quick to adopt quilted cotton armor based upon that used by their native opponents, and commonly combined this with the use of a simple metal war hat.",160
openai_6f392a0cb7f051d6,openai,alloy,neutral,en,h_voxpopuli_2e4ecdeb964d,formal,,,this clearly shows that we need a stronger we need a stronger position we need the power to cod aside,101
openai_8d1465d37c4af29e,openai,ash,neutral,en,h_voxpopuli_af07957744f2,formal,,,and as well is wrong to blame others they want to destroy the euro no one wants to destroy the euro here,104
openai_dc737fecf93ba083,openai,ballad,tired,en,cur_dis_007,disfluent,,"Sound exhausted and flat, with low energy and frequent small pauses.","We should probably, I don't know, maybe ask someone who actually, like, knows tax law?",86
openai_9778306bf9e12433,openai,coral,anchor,en,h_voxpopuli_cf0c01a8cc2e,formal,,"Deliver this as a composed, professional news anchor.",and a digital euro is the best answer to private initiatives such as libra. let's take a look at our global neighbours china japan or switzerland.,146
openai_fca0526bb22da770,openai,echo,neutral,en,h_common_voice_f1f090d499a3,read,,,"Phil, will you take a stance on this matter?",44
openai_407409c297635148,openai,fable,excited,en,cur_sho_007,shout,,"Speak with excited, fast-paced energy, like sharing thrilling news.",And the crowd goes absolutely wild as she crosses the finish line!,66
openai_d6d9473ce91f70d2,openai,nova,tired,en,h_common_voice_6e504b80ddb0,read,,"Sound exhausted and flat, with low energy and frequent small pauses.",It includes the unincorporated communities of Jacksville and Moores Corners.,76
openai_05a68695ec8aee09,openai,onyx,neutral,en,h_voxpopuli_f5dcb04c0b5f,formal,,,i was here just less than five weeks ago on seventeen september and in this short period of time the number of cases has almost doubled.,136
openai_0263a3eaa82a7e0f,openai,sage,neutral,en,h_emilia_e9d669a592f1,conversational,,,"You know, what's intuitive is, you know, uh, uh, I work my way in, I do good, and I, you know, I earn my way in, because that's how it works in the world.",154
openai_b3f5793faea52cf6,openai,shimmer,neutral,en,cur_num_018,numbers,,,"Dosage is 200 milligrams twice daily for 10 days, with food, not exceeding 1.2 grams per day.",93
openai_e4a02b13e122504f,openai,verse,storyteller,en,h_common_voice_15691778d8e5,read,,"Use a warm, slow, expressive storytelling voice.",His two eldest sons were killed in action in the Second World War.,66
openai_5ef89b48a39108f0,openai,marin,neutral,en,h_common_voice_9e55bdc846e1,read,,,Rosa is placed in solitary confinement at Bellevue Mental Hospital.,67
openai_98a235c0f423deae,openai,cedar,neutral,en,h_emilia_758886a7c5f3,conversational,,,"Uhm, we remain in constant contact with people.",47
openai_1e1201a8238600f4,openai,alloy,excited,en,h_emilia_1b40f83a54de,conversational,,"Speak with excited, fast-paced energy, like sharing thrilling news.","Uhm, and it helps you, the coveredcalifornia.com marketplace has a shopping compare tool. You can kind of, you can plug in your income. And, uhm, if you're not eligible for Medi-Cal, it will kind of give you a sense of what option health care.",243
openai_fc25bae572ccc199,openai,ash,neutral,en,h_voxpopuli_5681cea8f724,formal,,,then we as a parliament could take our responsibility and quickly vote through these measures because they will need to take effect on one january.,147
openai_773638bed0269cae,openai,ballad,tired,en,h_emilia_c99092c9053c,conversational,,"Sound exhausted and flat, with low energy and frequent small pauses.","Yeah, let's do that. Let's put Happy New Year's here. Not gonna hurt anything, right?",85
openai_6a7b839194103b40,openai,coral,support,en,h_peoples_speech_4829597daa40,procedural,,"Sound like a cheerful, friendly customer support agent.",for what purpose does the gentlemen from missouri rise without objection gentleman's recognized,95
openai_04023e1e6abb739d,openai,echo,neutral,en,h_emilia_1f6006433db4,conversational,,,"Out of a hun- on a hundred point scale, we scored an eight. Uh, yeaah.",70
openai_6ddf40c6fd13ad09,openai,fable,neutral,en,h_peoples_speech_1bf5f2bb0b72,procedural,,,i agree with that and that's why so if the judge makes an error they should wave their quantum meruit,101
openai_9529b97f73e73560,openai,nova,anchor,en,h_voxpopuli_0b29543ece63,formal,,"Deliver this as a composed, professional news anchor.",and let's send a strong signal to the vietnamese government to improve the devastating human rights situation before we seal the deal we signed the deal not after we signed the deal not after thank you,201
openai_f4490d17a82d89c5,openai,onyx,neutral,en,h_common_voice_3af5e71fce1d,read,,,"For better physical understanding, let's first recap where the pivot point is.",78
openai_5400d1a3e2b09561,openai,sage,neutral,en,h_peoples_speech_b3c3997ba429,procedural,,,the state asked him asked the complainant some very vague questions and there was a flurry of dates and allegations that tie him to specific dates to the indictment,164
openai_3fb85b931c7bd175,openai,shimmer,tired,en,h_common_voice_f97d14808300,read,,"Sound exhausted and flat, with low energy and frequent small pauses.",It is also used to emulate sounds generated by obsolete electronic equipment.,77
openai_c09efd677c95f900,openai,verse,storyteller,en,h_common_voice_17dac6c8afd2,read,,"Use a warm, slow, expressive storytelling voice.",Robin van Roon also joined them after a while.,46
openai_ee04fd2244f42d75,openai,marin,neutral,en,h_voxpopuli_3d115f6ecbf9,formal,,,is convinced that further promotion of the idea of common purchasing of energy raw materials by member states is needed in the context of growing competition for resources and existing producer monopolies'.,206
openai_bd58514d1a300f52,openai,cedar,neutral,en,h_emilia_0254b03323e7,conversational,,,"Sure, and then uhm, that's Jagat? Yes. Go right ahead, Jagat.",61
openai_da31343c669719a5,openai,alloy,anchor,en,cur_num_005,numbers,,"Deliver this as a composed, professional news anchor.","Take Interstate 95 South for 12.4 miles, then exit 23B toward Route 1.",70
openai_7f4a4e7ccf38be50,openai,ash,neutral,en,h_voxpopuli_6c009eb25831,formal,,,this modernday form of slavery is on the rise and the eu has given the perpetrators a helping hand by not allowing member states to control their own borders and check criminal backgrounds the eu is enabling this crime to escalate.,231
openai_4cfdd50f0df9ad18,openai,ballad,excited,en,h_emilia_06567ab98263,conversational,,"Speak with excited, fast-paced energy, like sharing thrilling news.","And the team in Katmandu said, hey, we have a problem. We don't have access to mine shirts.",91
openai_07929f5ebcc6616e,openai,coral,neutral,en,h_common_voice_8306d7c04fda,read,,,This leads Batman and Gordon to conclude that Dent was Holiday since the beginning.,83
openai_a3561be58b0f02e5,openai,echo,neutral,en,h_common_voice_988d113c4a9e,read,,,"Thanks to the exhaust turbo charger, we could double the engine torque.",71
openai_3993173c382c2f75,openai,fable,anchor,en,h_voxpopuli_cc9271107b9d,formal,,"Deliver this as a composed, professional news anchor.",today europe is free and reunited and i want to thank this house and each and every one who dared to speak out at that time for truth and freedom.,146
openai_560a3791feddb444,openai,nova,anchor,en,h_peoples_speech_102bd07d066f,procedural,,"Deliver this as a composed, professional news anchor.",what that shows is that he looked at the evidence as to each count and determined whether defendant was guilty or not,117
openai_cf97a7b90408019f,openai,onyx,tired,en,h_emilia_aa70c0ab35b6,conversational,,"Sound exhausted and flat, with low energy and frequent small pauses.","I'd like to talk to you now just about section headings. As you may have noticed, Moodle has",92
openai_4a3cf12be6b89990,openai,sage,tired,en,h_common_voice_bb1d05ffbe69,read,,"Sound exhausted and flat, with low energy and frequent small pauses.","Female and juvenile plumages are similar, but duller and less streaked.",71
openai_3f4234374e027710,openai,shimmer,support,en,h_peoples_speech_951a466d4606,procedural,,"Sound like a cheerful, friendly customer support agent.",so students can stay after school and participate in drama or theater or sports or whatever,91
openai_5962b2c30623fd3a,openai,verse,neutral,en,h_peoples_speech_ec3d9a8b377b,procedural,,,i get the feeling when i hear folks talk that the government comes in the idea isn't to fix it it's to fine you,111
openai_d4a2a89cb204840d,openai,marin,storyteller,en,h_common_voice_2ffae25dea92,read,,"Use a warm, slow, expressive storytelling voice.",There is a left turn for Tollerton and goes through Tollerton Forest.,69
openai_c95b0bb517db1dce,openai,cedar,neutral,en,h_peoples_speech_61ac80454ed5,procedural,,,an affidavit which authenticated those exhibits and they were provided to the court,83
openai_6823d135101ddc1f,openai,alloy,neutral,en,h_common_voice_f4aaca62d05d,read,,,"A realisation hits and he exclaims, I see!",42
openai_716967a8e6b85a0e,openai,ash,neutral,en,h_voxpopuli_93b007fad641,formal,,,now the issue where we differ and the certain observation comes to the point where we are today in fact we all know,115
openai_6cec6cf9af9fdb0e,openai,ballad,neutral,en,h_voxpopuli_214260f13e3b,formal,,,the objective is to contribute to the preparation of the eu priorities for the united nations general assembly session each autumn which the council normally adopts in july.,173
openai_824dba665e0a7016,openai,coral,anchor,en,h_voxpopuli_6a490218956b,formal,,"Deliver this as a composed, professional news anchor.",thank you modern president i assume the nowadays behavior of actually is one be any limits,90
openai_bc454ec5a9a720e6,openai,echo,neutral,en,h_emilia_cc69ea9cf3cb,conversational,,,Its territory included some of the most industrialized regions of the former Austria-Hungary,92
openai_ac581e026a1ccc6f,openai,fable,neutral,en,h_common_voice_c99b1dedb6bc,read,,,President Nicolas Maduro condemned the protest actions.,55
openai_f0f794f33fe090f0,openai,nova,tired,en,h_common_voice_6ec357b82ed7,read,,"Sound exhausted and flat, with low energy and frequent small pauses.",In the fall the leaves turn many shades of orange and yellow.,61
openai_5b6bdcf975bdc11f,openai,onyx,storyteller,en,h_common_voice_cc46aea6286d,read,,"Use a warm, slow, expressive storytelling voice.",The album was released in multiple versions.,44
openai_9eaaf6e0041a8b6e,openai,sage,neutral,en,h_emilia_52dbab03bce3,conversational,,,"Wow, those do look awesome. Those look awesome.",47
openai_6b61f72f5005b10c,openai,shimmer,anchor,en,h_peoples_speech_b3283529b221,procedural,,"Deliver this as a composed, professional news anchor.",so we give them all the instructions they need and meet them there if they want to,82
openai_5547bc6fbb5cfd28,openai,verse,neutral,en,h_common_voice_4ce9f5bd1988,read,,,Three-phase alternating current is an efficient way of transmitting energy.,75
openai_d18db41091854bed,openai,marin,excited,en,h_emilia_5eaf3be9665e,conversational,,"Speak with excited, fast-paced energy, like sharing thrilling news.","There can be many different answers to prayer, just as there are many ways to interpret an answer to a question if there in fact comes an answer",144
openai_95e1b7d88c0ab09a,openai,cedar,neutral,en,h_common_voice_1d1c4dd4c9a0,read,,,An uncredited Jim Hutton appears briefly as the principal of a competing school.,80
openai_06ef74fffafed0c2,openai,alloy,support,en,h_peoples_speech_4cf1ba28db82,procedural,,"Sound like a cheerful, friendly customer support agent.",so what we're growing here now includes some of elmer swensen's grapes and some of the university of minnesota grapes but what changed to get back to your original question fifteen years ago was the availability of these new grape varieties that are adapted to this climate yeah,278
openai_e68ad3760f01a9bd,openai,ash,tired,en,h_emilia_2351340646e5,conversational,,"Sound exhausted and flat, with low energy and frequent small pauses.","The heat can also be used for industrial process applications or as an energy input for other uses such as cooling equipment.In many warmer climates, a solar heating system can provide a very high percentage – 50 to 75 percent – of domestic hot water energy.",258
openai_f9a02ae9d21aa68b,openai,ballad,neutral,en,h_voxpopuli_4397232881df,formal,,,i must say that i am appalled by the homophobia that i have heard.,66
openai_c3fde11a22af3832,openai,coral,tired,en,h_common_voice_8f991be347ea,read,,"Sound exhausted and flat, with low energy and frequent small pauses.",After Mumbai it also break all records of Bhojpuri box office in Bihar.,71
openai_dc38fdca47037270,openai,echo,neutral,en,h_voxpopuli_4be8e0498f58,formal,,,this update will make it easier for law enforcement authorities to track funds transferred by criminals and terrorists.,119
openai_d4488da332f77724,openai,fable,storyteller,en,h_common_voice_349aa317d97f,read,,"Use a warm, slow, expressive storytelling voice.",The lava is usually rhyolitic and rich in silicates.,52
openai_db6151e55da6b6c5,openai,nova,neutral,en,h_common_voice_5de8e8d6d142,read,,,He has also been chief economist for Caixin Media Group.,56
openai_e7e9d5f73f684d89,openai,onyx,anchor,en,h_voxpopuli_a3aeba2ddc3b,formal,,"Deliver this as a composed, professional news anchor.",romania has made very good efforts very good achievements and progress in the last years but now it seems to waiver and i would really encourage the romania,156
openai_e43709ce7d2be195,openai,sage,neutral,en,h_peoples_speech_4f28e2077a9c,procedural,,,we have a bank that has such input into the overall town's success is a tribute to you mahoney said that the mission statement written when his journey started with the belmont savings bank in two thousand and ten was to be the most admired bank in the region,259
openai_cbe26059227e60bb,openai,shimmer,neutral,en,h_peoples_speech_d3507722bcf3,procedural,,,i asked i have on my right dana leavitt who's the assistant director of the senior center and to her right is social work intern named deborah sarah,148
openai_1d1e1eb8b2df9d7a,openai,verse,neutral,en,h_emilia_e80ae1674c84,conversational,,,And that's why we said that contact of course needed to do zero coming into this with the way that the map VO went down. It just seems like their map pool overall is a little too small coming into these best threes.,215
openai_04fd789c95af3710,openai,marin,excited,en,cur_emo_014,emotional,,"Speak with excited, fast-paced energy, like sharing thrilling news.",Every single morning I wake up and for two seconds I forget what happened.,74
openai_c494a36abb6d37c0,openai,cedar,neutral,en,h_emilia_ea9f6de646d4,conversational,,,"So let us look at the procedure, so before I go that in TCL pretty much like all the programming is developed as procedures.",124
openai_f0a8abb76057a6ab,openai,alloy,neutral,en,h_common_voice_0a34e47ad5c6,read,,,Captain Fairchild noted that there was no fresh water available on these islands.,81
openai_2f1f6a596c43590a,openai,ash,tired,en,h_common_voice_db70acd211c4,read,,"Sound exhausted and flat, with low energy and frequent small pauses.",He played three One Day Internationals but no Test matches for the West Indies.,79
openai_a8ef015f6ddc5c5c,openai,ballad,storyteller,en,h_common_voice_7bf86d084bdb,read,,"Use a warm, slow, expressive storytelling voice.","When the band realized their roadie's ability, he was offered the position of keyboardist.",90
openai_61029339ea96d350,openai,coral,excited,en,h_emilia_52a729d38336,conversational,,"Speak with excited, fast-paced energy, like sharing thrilling news.","At this conference, ministers from all WTO members launched the Doha Development Agenda",87
openai_21070eeb3990f3ce,openai,echo,neutral,en,h_voxpopuli_569d7398584e,formal,,,then there were two amendments adopted within the incorrect mff headings so they should be changed as follows amendment one thousand one hundred and fifty three preparatory action e platform for neighbourhood' should be included in heading one a and not heading.,262
openai_13aecb2c96bfb02a,openai,fable,angry,en,cur_emo_011,emotional,,"Speak with barely contained anger, tense and clipped.",You had one job. One. And now the whole project is ruined.,58
openai_7d9d3064f5c2e679,openai,nova,support,en,cur_num_008,numbers,,"Sound like a cheerful, friendly customer support agent.","Send the report to operations at example dot com by 5 p.m. Friday, copying H.R. and I.T.",88
openai_547fcbc97df0f911,openai,onyx,neutral,en,h_common_voice_c49d32c993d8,read,,,You need to recognize what you don't know,41
openai_b345c954b4a8e716,openai,sage,neutral,en,h_voxpopuli_526fe8b0e47d,formal,,,thank you mrs president i visited lebanon a few weeks ago where i also met with syria and refugees none of them expressed a week,128
openai_2613ccbc6d559997,openai,shimmer,anchor,en,h_voxpopuli_be4eba8d7be9,formal,,"Deliver this as a composed, professional news anchor.",it is necessary to strengthen the civil protection mechanism and resceu and make them more flexible faster and better coordinated with national civil protection bodies.,168
